,index,man_screentime,woman_screentime,only_men,only_women,asian_screentime,black_screentime,indian_screentime,latino_hispanic_screentime,middle_eastern_screentime,white_screentime,women_of_color,total_frames,total_seconds,total_faces,total_men,total_women,total_women_of_color,only_men_count,only_women_count,total_Man,total_Woman,total_asian,total_black,total_indian,total_latino_hispanic,total_middle_eastern,total_white,title,year,revenue,runtime
0,0,97.765617875057,2.2343821249430005,96.15384615384616,2.354788069073784,3.009575923392613,1.0031919744642042,3.2375740994072046,5.88235294117647,6.429548563611491,80.43775649794802,0.0,1274,637.0,2193.0,2144.0,49.0,0,1225,30,2144.0,49.0,66.0,22.0,71.0,129.0,141.0,1764.0,The_Cabinet_of_Dr._Caligari_(1920),1920-01-01,8811,77
1,0,94.10150891632372,5.8984910836762685,91.47670961347868,5.946481665014866,4.183813443072702,0.411522633744856,2.05761316872428,2.263374485596708,4.595336076817558,86.48834019204389,0.1982160555004955,1009,504.5,1458.0,1372.0,86.0,2,923,60,1372.0,86.0,61.0,6.0,30.0,33.0,67.0,1261.0,The_Hunchback_of_Notre_Dame_(1923),1923-01-01,0,113
2,0,96.30471859010802,3.695281409891984,90.7079646017699,6.342182890855458,2.1034678794769754,7.220011370096646,2.6151222285389424,4.206935758953951,2.7288231949971573,81.12563956793633,0.1474926253687315,678,339.0,1759.0,1694.0,65.0,1,615,43,1694.0,65.0,37.0,127.0,46.0,74.0,48.0,1427.0,The_Lost_World_(1925),1925-01-01,0,93
3,0,93.62694300518136,6.373056994818653,90.09661835748793,6.843800322061192,3.056994818652849,1.0362694300518136,2.0207253886010363,4.455958549222798,8.290155440414509,81.139896373057,0.2415458937198067,1242,621.0,1930.0,1807.0,123.0,3,1119,85,1807.0,123.0,59.0,20.0,39.0,86.0,160.0,1566.0,Frankenstein_(1931),1931-01-01,12000000,71
4,0,90.57873485868102,9.421265141318976,87.8999418266434,8.26061663757999,2.781516375056079,2.1982951996410947,3.095558546433378,4.665769403319874,5.204127411395245,82.05473306415433,0.3490401396160558,1719,859.5,2229.0,2019.0,210.0,6,1511,142,2019.0,210.0,62.0,49.0,69.0,104.0,116.0,1829.0,Dr._Jekyll_and_Mr._Hyde_(1931),1931-01-01,1300000,98
5,0,82.36686390532545,17.633136094674555,79.8913043478261,13.179347826086955,1.7751479289940828,2.366863905325444,2.9585798816568047,5.325443786982249,1.183431952662722,86.3905325443787,0.0,736,368.0,845.0,696.0,149.0,0,588,97,696.0,149.0,15.0,20.0,25.0,45.0,10.0,730.0,White_Zombie_(1932),1932-01-01,0,67
6,0,96.7395331604298,3.260466839570211,95.6968215158924,1.7603911980440097,4.0385327899221934,1.6672841793256763,2.1859948128936644,4.742497221193035,16.08002964060763,71.2856613560578,0.1955990220048899,2045,1022.5,2699.0,2611.0,88.0,4,1957,36,2611.0,88.0,109.0,45.0,59.0,128.0,434.0,1924.0,Son_of_Frankenstein_(1939),1939-01-01,0,99
7,0,90.47388781431334,9.526112185686657,86.66191155492155,5.991440798858773,4.013539651837524,0.918762088974855,1.160541586073501,6.72147001934236,3.3849129593810443,83.80077369439071,0.4992867332382311,1402,701.0,2068.0,1871.0,197.0,7,1215,84,1871.0,197.0,83.0,19.0,24.0,139.0,70.0,1733.0,The_Wolf_Man_(1941),1941-01-01,0,70
8,0,95.72107765451663,4.27892234548336,94.0649496080627,3.023516237402016,5.942947702060222,4.3581616481774965,1.664025356576862,5.625990491283677,7.210776545166403,75.19809825673535,0.1119820828667413,893,446.5,1262.0,1208.0,54.0,1,840,27,1208.0,54.0,75.0,55.0,21.0,71.0,91.0,949.0,The_Mummy's_Tomb_(1942),1942-01-01,0,61
9,0,96.2665736217725,3.7334263782274943,94.48777951118043,2.6001040041601664,2.128401953942777,0.5931612002791348,0.418702023726448,6.66434054431263,8.199581297976273,81.99581297976273,0.0,1923,961.5,2866.0,2759.0,107.0,0,1817,50,2759.0,107.0,61.0,17.0,12.0,191.0,235.0,2350.0,Abbott_and_Costello_Meet_Frankenstein_(1948),1948-01-01,4812444,83
10,0,94.0082240062659,5.991775993734091,86.3677130044843,6.591928251121076,5.208537301742706,4.993146661445076,9.59467397689446,11.454865870373997,9.203054630898766,59.54572155864499,0.9865470852017936,2230,1115.0,5107.0,4801.0,306.0,22,1926,147,4801.0,306.0,266.0,255.0,490.0,585.0,470.0,3041.0,Anne_of_the_Indies_(1951),1951-01-01,0,81
11,0,86.90362595419847,13.096374045801523,77.51776013372336,13.873798579189303,4.627862595419847,1.8368320610687023,1.717557251908397,9.446564885496183,17.36641221374046,65.00477099236642,3.4266610948600085,2393,1196.5,4192.0,3643.0,549.0,82,1855,332,3643.0,549.0,194.0,77.0,72.0,396.0,728.0,2725.0,Roman_Holiday_(1953),1953-01-01,12000000,119
12,0,92.057761732852,7.9422382671480145,88.32,7.946666666666667,4.043321299638989,1.84115523465704,3.9711191335740073,10.252707581227437,10.180505415162456,69.71119133574007,0.4266666666666667,1875,937.5,2770.0,2550.0,220.0,8,1656,149,2550.0,220.0,112.0,51.0,110.0,284.0,282.0,1931.0,Abbott_and_Costello_Meet_the_Mummy_(1955),1955-01-01,0,79
13,0,96.5615141955836,3.438485804416404,93.87296233839236,1.011804384485666,7.034700315457414,11.009463722397475,4.73186119873817,18.86435331230284,5.141955835962145,53.217665615141954,1.2366498032602586,1779,889.5,3170.0,3061.0,109.0,22,1670,18,3061.0,109.0,223.0,349.0,150.0,598.0,163.0,1687.0,This_Island_Earth_(1955),1955-01-01,1700000,87
14,0,82.53488372093022,17.46511627906977,76.24918883841661,15.99610642439974,5.27906976744186,2.697674418604651,0.9069767441860463,11.093023255813954,3.372093023255814,76.65116279069767,1.7521090201168072,3082,1541.0,4300.0,3549.0,751.0,54,2350,493,3549.0,751.0,227.0,116.0,39.0,477.0,145.0,3296.0,Vertigo_(1958),1958-01-01,7797728,128
15,0,76.17048756861479,23.82951243138521,70.3883495145631,22.936893203883496,3.7778495318049727,0.7103648692282855,2.389409105586051,14.982240878269293,5.230868582499193,72.9092670326122,3.923948220064725,2472,1236.0,3097.0,2359.0,738.0,97,1740,567,2359.0,738.0,117.0,22.0,74.0,464.0,162.0,2258.0,Psycho_(1960),1960-01-01,32000000,109
16,0,92.07066557107642,7.929334428923583,88.81948782011243,7.995003123048095,4.560394412489729,1.437962202136401,2.6705012325390305,13.229252259654888,11.62695152013147,66.47493837304847,0.6246096189881324,1601,800.5,2434.0,2241.0,193.0,10,1422,128,2241.0,193.0,111.0,35.0,65.0,322.0,283.0,1618.0,Cape_Fear_(1962),1962-01-01,103000000,105
17,0,97.3747016706444,2.6252983293556085,92.94996751137104,2.5016244314489926,4.261847937265598,4.875554040231844,1.6365496079099895,4.727809978406637,7.046255256279123,77.4519831799068,0.6172839506172839,3078,1539.0,8799.0,8568.0,231.0,19,2861,77,8568.0,231.0,375.0,429.0,144.0,416.0,620.0,6815.0,To_Kill_a_Mockingbird_(1962),1962-01-01,13129846,129
18,0,94.62779461141594,5.372205388584064,87.29201331114808,5.178868552412646,5.126525264106134,3.9636393415772666,5.601506838096798,6.756203423143067,7.534190483989846,71.01793464908688,1.4767054908485855,4808,2404.0,12211.0,11555.0,656.0,71,4197,249,11555.0,656.0,626.0,484.0,684.0,825.0,920.0,8672.0,Doctor_Zhivago_(1965),1965-01-01,111858363,200
19,0,85.29321461467609,14.706785385323917,79.005770084332,10.83000443852641,8.474055879643844,3.346638010439054,2.2720294749769727,13.110224132637397,2.057107767884556,70.73994473441817,1.9529516200621395,2253,1126.5,3257.0,2778.0,479.0,44,1780,244,2778.0,479.0,276.0,109.0,74.0,427.0,67.0,2304.0,Bonnie_and_Clyde_(1967),1967-01-01,50700000,110
20,0,88.17150063051702,11.828499369482977,81.77205308352849,7.338017174082748,14.148802017654477,2.471626733921816,2.3707440100882726,19.84867591424969,1.790668348045397,59.36948297604035,10.18735362997658,2562,1281.0,3965.0,3496.0,469.0,261,2095,188,3496.0,469.0,561.0,98.0,94.0,787.0,71.0,2354.0,The_Love_Bug_(1968),1968-01-01,0,107
21,0,96.3826998689384,3.617300131061599,94.66357308584686,4.021655065738592,6.946264744429882,2.2804718217562256,1.782437745740498,12.686762778505898,3.407601572739188,72.89646133682831,0.1933488012374323,2586,1293.0,3815.0,3677.0,138.0,5,2448,104,3677.0,138.0,265.0,87.0,68.0,484.0,130.0,2781.0,The_Million_Dollar_Duck_(1971),1971-01-01,0,89
22,0,94.141030072589,5.858969927410992,88.77005347593582,4.064171122994653,6.014517801590045,1.123401313515382,2.091254752851711,5.70342205323194,1.6246111303145525,83.44279294849638,1.497326203208556,2805,1402.5,5786.0,5447.0,339.0,42,2490,114,5447.0,339.0,348.0,65.0,121.0,330.0,94.0,4828.0,Willy_Wonka_&_the_Chocolate_Factory_(1971),1971-01-01,4000000,100
23,0,97.48177601060306,2.518223989396952,94.0391254315305,2.4856156501726123,4.866041844173057,7.904951244911483,7.157057654075547,11.909495408501371,7.65880905045915,60.50364479787939,1.2197928653624857,4345,2172.5,10563.0,10297.0,266.0,53,4086,108,10297.0,266.0,514.0,835.0,756.0,1258.0,809.0,6391.0,The_Godfather:_Part_II_(1974),1974-01-01,102600000,202
24,0,84.64797913950456,15.352020860495436,76.43243243243244,13.675675675675675,8.47457627118644,2.803129074315515,1.8252933507170797,6.51890482398957,1.5971316818774446,78.78096479791395,2.3783783783783785,1850,925.0,3068.0,2597.0,471.0,44,1414,253,2597.0,471.0,260.0,86.0,56.0,200.0,49.0,2417.0,Carrie_(1976),1976-01-01,33800000,98
25,0,92.07863544376988,7.921364556230125,87.98379837983799,6.075607560756076,6.100028910089621,1.6767851980341135,2.081526452732004,5.897658282740677,2.8910089621277826,81.3529921942758,0.8550855085508551,2222,1111.0,3459.0,3185.0,274.0,19,1955,135,3185.0,274.0,211.0,58.0,72.0,204.0,100.0,2814.0,Superman_(1978),1978-01-01,300218018,143
26,0,94.8954788526981,5.104521147301896,91.62011173184358,4.549082202713488,4.132231404958678,1.3125911521633449,2.4307243558580454,11.521633446767137,13.85512882839086,66.74769081186194,0.2394253790901835,1253,626.5,2057.0,1952.0,105.0,3,1148,57,1952.0,105.0,85.0,27.0,50.0,237.0,285.0,1373.0,The_Black_Hole_(1979),1979-01-01,35841901,98
27,0,90.95636025998142,9.04363974001857,83.94308943089432,6.605691056910569,7.576601671309192,2.414113277623027,2.1355617455896008,7.205199628597956,4.47539461467038,76.19312906220983,0.6775067750677507,2952,1476.0,5385.0,4898.0,487.0,20,2478,195,4898.0,487.0,408.0,130.0,115.0,388.0,241.0,4103.0,Superman_II_(1980),1980-01-01,190458706,127
28,0,96.48705758055996,3.5129424194400425,93.57612544258978,3.692463328275165,6.682514527205494,8.716323296354993,5.044902271526677,10.9878499735869,5.916534601162176,62.65187533016376,1.2645422357106728,1977,988.5,3786.0,3653.0,133.0,25,1850,73,3653.0,133.0,253.0,330.0,191.0,416.0,224.0,2372.0,Raiders_of_the_Lost_Ark_(1981),1981-01-01,389925971,115
29,0,94.92076391710688,5.079236082893133,88.44488844488845,4.528804528804529,6.5420560747663545,13.260192333739674,3.1829879452796965,6.745225518082081,3.115264797507788,67.1542733306244,1.2987012987012987,3003,1501.5,7383.0,7008.0,375.0,39,2656,136,7008.0,375.0,483.0,979.0,235.0,498.0,230.0,4958.0,Trading_Places_(1983),1983-01-01,90404800,116
30,0,76.63101604278076,23.368983957219253,68.4530596731281,20.144431774990498,2.5401069518716577,2.1657754010695185,1.3101604278074863,3.6096256684491976,1.1497326203208555,89.22459893048128,1.064234131508932,2631,1315.5,3740.0,2866.0,874.0,28,1801,530,2866.0,874.0,95.0,81.0,49.0,135.0,43.0,3337.0,Supergirl_(1984),1984-01-01,14296438,124
31,0,87.81981981981983,12.18018018018018,83.89194597298649,9.554777388694347,9.44144144144144,2.5945945945945943,4.936936936936937,14.198198198198195,2.6306306306306304,66.1981981981982,2.851425712856428,1999,999.5,2775.0,2437.0,338.0,57,1677,191,2437.0,338.0,262.0,72.0,137.0,394.0,73.0,1837.0,A_Nightmare_on_Elm_Street_(1984),1984-01-01,57000000,91
32,0,97.86208342066652,2.137916579333473,96.03411513859274,1.535181236673774,12.743659610144622,2.5361559421504927,2.012156780549151,3.66799413120939,0.5030391951372878,78.53699434080906,0.5543710021321961,2345,1172.5,4771.0,4669.0,102.0,13,2252,36,4669.0,102.0,608.0,121.0,96.0,175.0,24.0,3747.0,Stand_by_Me_(1986),1986-01-01,52287414,89
33,0,98.81671701913392,1.1832829808660623,98.15758526068208,1.3328106624852998,4.884189325276939,2.6938569989929504,3.3232628398791544,12.764350453172204,2.794561933534743,73.53977844914401,0.3136025088200705,2551,1275.5,3972.0,3925.0,47.0,8,2504,34,3925.0,47.0,194.0,107.0,132.0,507.0,111.0,2921.0,The_Princess_Bride_(1987),1987-01-01,30861665,99
34,0,91.05392156862744,8.946078431372548,88.01313628899837,8.866995073891626,12.254901960784313,6.209150326797386,2.165032679738562,13.112745098039216,2.9820261437908497,63.27614379084967,1.20415982484948,1827,913.5,2448.0,2229.0,219.0,22,1608,162,2229.0,219.0,300.0,152.0,53.0,321.0,73.0,1549.0,A_Nightmare_on_Elm_Street_3:_Dream_Warriors_(1987),1987-01-01,44793222,96
35,0,88.46715328467153,11.532846715328466,84.17302798982188,8.244274809160306,8.394160583941606,2.81021897810219,1.897810218978102,6.715328467153285,1.3868613138686132,78.7956204379562,1.6793893129770994,1965,982.5,2740.0,2424.0,316.0,33,1654,162,2424.0,316.0,230.0,77.0,52.0,184.0,38.0,2159.0,Masters_of_the_Universe_(1987),1987-01-01,17336370,106
36,0,95.273851590106,4.726148409893993,93.14703925482368,3.32667997338656,4.019434628975265,1.9434628975265016,2.429328621908127,9.054770318021202,1.8551236749116609,80.69787985865725,0.1330671989354624,1503,751.5,2264.0,2157.0,107.0,2,1400,50,2157.0,107.0,91.0,44.0,55.0,205.0,42.0,1827.0,Killer_Klowns_from_Outer_Space_(1988),1988-01-01,43625095,88
37,0,88.23990591924735,11.760094080752646,83.20090805902383,10.102156640181612,9.172873382987063,3.4104272834182674,4.547236377891023,6.860054880439044,1.019208153665229,74.99019992159937,1.5891032917139614,1762,881.0,2551.0,2251.0,300.0,28,1466,178,2251.0,300.0,234.0,87.0,116.0,175.0,26.0,1913.0,"Honey,_I_Shrunk_the_Kids_(1989)",1989-01-01,222724172,93
38,0,96.01644008852357,3.983559911476446,94.25551470588236,3.2169117647058822,14.053114132153018,4.8055643376541255,2.576667720518495,12.28264306038571,2.8928232690483715,63.38918748024028,1.1259191176470589,4352,2176.0,6326.0,6074.0,252.0,49,4102,140,6074.0,252.0,889.0,304.0,163.0,777.0,183.0,4010.0,Dances_with_Wolves_(1990),1990-01-01,424208848,181
39,0,96.45316804407712,3.546831955922865,91.64265129682995,3.4138771890933275,4.003099173553719,9.555785123966942,9.383608815426998,15.797176308539946,10.6232782369146,50.6370523415978,2.039459099977832,4511,2255.5,11616.0,11204.0,412.0,92,4134,154,11204.0,412.0,465.0,1110.0,1090.0,1835.0,1234.0,5882.0,The_Godfather:_Part_III_(1990),1990-01-01,136766062,170
40,0,86.8465909090909,13.15340909090909,81.97463768115942,9.465579710144928,9.573863636363637,1.4488636363636362,1.6477272727272725,5.113636363636364,1.1079545454545454,81.10795454545455,1.585144927536232,2208,1104.0,3520.0,3057.0,463.0,35,1810,209,3057.0,463.0,337.0,51.0,58.0,180.0,39.0,2855.0,Edward_Scissorhands_(1990),1990-01-01,53000000,105
41,0,96.37907912382656,3.620920876173447,94.75431606905713,2.788844621513944,12.74027715690657,6.392489941886455,1.698703620920876,8.985248100134108,1.0281627179257935,69.1551184622262,0.9296148738379816,1506,753.0,2237.0,2156.0,81.0,14,1427,42,2156.0,81.0,285.0,143.0,38.0,201.0,23.0,1547.0,Ernest_Scared_Stupid_(1991),1991-01-01,0,91
42,0,94.02732779264686,5.972672207353148,89.67709127892194,5.924230867022629,3.5357092548246234,3.2117199605578253,2.1411466403718835,7.479926750246514,5.352866600929708,78.27863079306945,0.7119247393846937,3933,1966.5,7099.0,6675.0,424.0,28,3527,233,6675.0,424.0,251.0,228.0,152.0,531.0,380.0,5557.0,The_Remains_of_the_Day_(1993),1993-01-01,23237911,134
43,0,95.64209550301344,4.357904496986556,94.30844553243574,4.222766217870257,19.88873435326843,6.536856745479833,7.2786277236903105,8.391284191006026,3.708854891052388,54.19564209550302,0.8567931456548347,1634,817.0,2157.0,2063.0,94.0,14,1541,69,2063.0,94.0,429.0,141.0,157.0,181.0,80.0,1169.0,The_Jungle_Book_(1994),1994-01-01,43,111
44,0,95.71717171717172,4.282828282828283,94.379581862612,3.6654900896008686,5.898989898989899,23.939393939393938,4.404040404040404,14.06060606060606,3.797979797979798,47.898989898989896,1.031767580776541,3683,1841.5,4950.0,4738.0,212.0,38,3476,135,4738.0,212.0,292.0,1185.0,218.0,696.0,188.0,2371.0,Pulp_Fiction_(1994),1994-01-01,214179088,154
45,0,89.11128903122498,10.88871096877502,81.31455399061032,6.384976525821597,4.483586869495596,4.643714971977582,3.416066186282359,13.984520950093406,4.456898852415265,69.01521216973579,2.582159624413145,2130,1065.0,3747.0,3339.0,408.0,55,1732,136,3339.0,408.0,168.0,174.0,128.0,524.0,167.0,2586.0,Ace_Ventura:_Pet_Detective_(1994),1994-01-01,107217396,86
46,0,89.33083762283574,10.669162377164248,84.61012311901504,7.523939808481532,3.509592887225082,6.504445484323819,1.8249883013570427,7.065980346279832,1.918577445016378,79.17641553579784,1.7099863201094392,1462,731.0,2137.0,1909.0,228.0,25,1237,110,1909.0,228.0,75.0,139.0,39.0,151.0,41.0,1692.0,Casper_(1995),1995-01-01,287928194,100
47,0,98.18062612686444,1.8193738731355515,97.1551261406334,0.7246376811594203,6.998852647107031,20.98016718570726,4.048516636616948,17.81675135223734,4.556630060645796,45.599082117685626,1.0466988727858293,3726,1863.0,6101.0,5990.0,111.0,39,3620,27,5990.0,111.0,427.0,1280.0,247.0,1087.0,278.0,2782.0,Ace_Ventura:_When_Nature_Calls_(1995),1995-01-01,212385533,90
48,0,65.9447004608295,34.055299539170505,61.51818661043753,34.00105429625725,4.700460829493087,1.19815668202765,1.0599078341013823,8.38709677419355,1.566820276497696,83.08755760368663,4.217185028993147,1897,948.5,2170.0,1431.0,739.0,80,1167,645,1431.0,739.0,102.0,26.0,23.0,182.0,34.0,1803.0,Bound_(1996),1996-01-01,7011317,105
49,0,94.35206422018348,5.647935779816514,91.49816176470588,3.952205882352941,13.589449541284404,14.764908256880735,2.236238532110092,10.95183486238532,5.33256880733945,53.125,0.7352941176470588,2176,1088.0,3488.0,3291.0,197.0,16,1991,86,3291.0,197.0,474.0,515.0,78.0,382.0,186.0,1853.0,Star_Trek:_First_Contact_(1996),1996-01-01,150000000,111
50,0,93.01634472511144,6.983655274888559,90.72978303747534,5.522682445759369,7.13224368499257,2.823179791976226,2.823179791976226,4.606240713224369,1.4858841010401187,81.12927191679049,0.9861932938856016,507,253.5,673.0,626.0,47.0,5,460,28,626.0,47.0,48.0,19.0,19.0,31.0,10.0,546.0,Homeward_Bound_II:_Lost_in_San_Francisco_(1996),1996-01-01,32709423,89
51,0,90.60134856199257,9.39865143800743,83.96778916544656,8.199121522693996,6.068528966561167,1.0871060960506398,1.1559102793449842,5.958442273290216,3.275079124810788,82.45493325994221,1.7813567593948267,4098,2049.0,7267.0,6584.0,683.0,73,3441,336,6584.0,683.0,441.0,79.0,84.0,433.0,238.0,5992.0,Titanic_(1997),1997-01-01,2187463944,194
52,0,86.79927667269439,13.200723327305605,86.02564102564104,13.461538461538462,5.424954792043399,5.364677516576251,0.7233273056057866,11.573236889692586,6.811332127787824,70.10247136829415,1.217948717948718,1560,780.0,1659.0,1440.0,219.0,19,1342,210,1440.0,219.0,90.0,89.0,12.0,192.0,113.0,1163.0,The_Night_Flier_(1997),1997-01-01,91549,93
53,0,88.26446280991735,11.735537190082644,80.30973451327434,12.831858407079649,5.206611570247934,5.743801652892562,2.024793388429752,4.793388429752066,3.884297520661157,78.34710743801652,1.327433628318584,1356,678.0,2420.0,2136.0,284.0,18,1089,174,2136.0,284.0,126.0,139.0,49.0,116.0,94.0,1896.0,Batman_&_Robin_(1997),1997-01-01,238207122,125
54,0,87.58955396348509,12.410446036514909,78.23315118397086,11.475409836065571,11.18557892304137,2.2186272244049,1.9181881211000693,6.124335567367691,2.7501733302519065,75.80309683383406,3.1420765027322406,2196,1098.0,4327.0,3790.0,537.0,69,1718,252,3790.0,537.0,484.0,96.0,83.0,265.0,119.0,3280.0,Madeline_(1998),1998-01-01,30000000,89
55,0,75.34699272967615,24.653007270323855,66.47940074906367,25.42134831460674,5.2544613350958365,0.6609385327164574,0.6278916060806345,4.362194315928618,1.2227362855254462,87.871777924653,0.8426966292134831,2136,1068.0,3026.0,2280.0,746.0,18,1420,543,2280.0,746.0,159.0,20.0,19.0,132.0,37.0,2659.0,Halloweentown_(1998),1998-01-01,0,84
56,0,95.21862220824158,4.781377791758415,94.18335901386747,4.391371340523883,6.951871657754011,3.0827304183705566,3.460207612456748,10.16042780748663,2.29631959735766,74.0484429065744,0.2696456086286595,2596,1298.0,3179.0,3027.0,152.0,7,2445,114,3027.0,152.0,221.0,98.0,110.0,323.0,73.0,2354.0,The_Ninth_Gate_(1999),1999-01-01,58401898,133
57,0,90.59950336998936,9.40049663001064,86.41649048625793,10.14799154334038,5.250088683930472,0.354735721887194,1.135154310039021,9.897126640652711,5.037247250798155,78.32564739269245,0.3699788583509513,1892,946.0,2819.0,2554.0,265.0,7,1635,192,2554.0,265.0,148.0,10.0,32.0,279.0,142.0,2208.0,Sleepy_Hollow_(1999),1999-01-01,206071502,105
58,0,85.38913362701909,14.61086637298091,79.49659150498165,12.74252753015207,3.0469897209985315,1.3215859030837005,0.7342143906020557,4.038179148311307,2.5330396475770924,88.32599118942731,0.3146303093864709,1907,953.5,2724.0,2326.0,398.0,6,1516,243,2326.0,398.0,83.0,36.0,20.0,110.0,69.0,2406.0,102_Dalmatians_(2000),2000-01-01,183611771,100
59,0,93.95886889460157,6.041131105398458,91.98863636363636,5.454545454545454,6.726649528706084,4.198800342759212,2.5278491859468724,6.341045415595545,4.4987146529562985,75.706940874036,2.4431818181818183,1760,880.0,2334.0,2193.0,141.0,43,1619,96,2193.0,141.0,157.0,98.0,59.0,148.0,105.0,1767.0,X-Men_(2000),2000-01-01,296339527,104
60,0,95.54455445544554,4.455445544554455,90.9090909090909,4.890282131661442,7.746068724519511,7.134536983110077,2.6208503203261504,6.377402446126966,2.3296447291788,73.7914967967385,0.8150470219435737,1595,797.5,3434.0,3281.0,153.0,13,1450,78,3281.0,153.0,266.0,245.0,90.0,219.0,80.0,2534.0,Air_Bud_3:_World_Pup_(2001),2001-01-01,0,83
61,0,94.13845376452754,5.861546235472461,91.985559566787,5.8483754512635375,13.74431531076301,5.103587670540676,1.263264274886306,8.135421930267812,3.0823648307225877,68.6710459828196,1.1552346570397112,1385,692.5,1979.0,1863.0,116.0,16,1274,81,1863.0,116.0,272.0,101.0,25.0,161.0,61.0,1359.0,Planet_of_the_Apes_(2001),2001-01-01,362211740,119
62,0,96.04480708062508,3.955192919374914,92.2645739910314,3.531390134529148,18.130272438113675,2.572258332180888,6.320011063476698,7.896556492877887,0.8435900981883557,64.2373115751625,1.1210762331838564,3568,1784.0,7231.0,6945.0,286.0,40,3292,126,6945.0,286.0,1311.0,186.0,457.0,571.0,61.0,4645.0,Harry_Potter_and_the_Sorcerer's_Stone_(2001),2001-01-01,976475550,152
63,0,94.34276206322797,5.657237936772046,91.13756613756614,5.423280423280423,4.076539101497504,2.4958402662229617,0.7487520798668885,6.988352745424292,2.6622296173044924,83.02828618968387,0.2645502645502645,756,378.0,1202.0,1134.0,68.0,2,689,41,1134.0,68.0,49.0,30.0,9.0,84.0,32.0,998.0,Osmosis_Jones_(2001),2001-01-01,13596911,95
64,0,82.96547821165817,17.034521788341824,64.19270833333334,15.885416666666666,6.22524052065648,8.205998868138087,1.697792869269949,3.848330503678552,0.7357102433503113,79.28692699490662,1.171875,768,384.0,1767.0,1466.0,301.0,9,493,122,1466.0,301.0,110.0,145.0,30.0,68.0,13.0,1401.0,Stuart_Little_2_(2002),2002-01-01,169956806,78
65,0,93.41205717837164,6.587942821628341,89.90430622009569,5.502392344497608,6.308266003729024,29.05531385954009,3.6357986326911127,11.591050341827222,5.500310752019888,43.909260410192665,3.2057416267942584,2090,1045.0,3218.0,3006.0,212.0,67,1879,115,3006.0,212.0,203.0,935.0,117.0,373.0,177.0,1413.0,Men_in_Black_II_(2002),2002-01-01,445135288,88
66,0,77.7007510109763,22.299248989023685,60.44588277597987,24.775260697590795,4.3905257076834205,4.082418640477567,0.9628345850182938,3.3891777392643943,1.9064124783362215,85.2686308492201,1.9057892844300608,2781,1390.5,5193.0,4035.0,1158.0,53,1681,689,4035.0,1158.0,228.0,212.0,50.0,176.0,99.0,4428.0,Sweet_Home_Alabama_(2002),2002-01-01,180622424,108
67,0,92.6423494493478,7.357650550652191,84.36763550667715,3.3385703063629224,11.60665469030696,8.537061626181364,3.444505194095134,4.5536202452550185,1.952667343591346,69.90549090057017,9.13197172034564,5092,2546.0,12803.0,11861.0,942.0,465,4296,170,11861.0,942.0,1486.0,1093.0,441.0,583.0,250.0,8950.0,Austin_Powers_in_Goldmember_(2002),2002-01-01,296655431,94
68,0,92.512077294686,7.487922705314009,88.8314374353671,5.584281282316442,5.141476880607315,47.10144927536232,5.072463768115942,9.765355417529332,2.346445824706694,30.5728088336784,8.066184074457084,1934,967.0,2898.0,2681.0,217.0,156,1718,108,2681.0,217.0,149.0,1365.0,147.0,283.0,68.0,886.0,The_Haunted_Mansion_(2003),2003-01-01,182290266,88
69,0,99.58398335933435,0.4160166406656266,99.24026590693258,0.2849002849002849,8.76235049401976,2.626105044201768,1.794071762870515,6.4482579303172125,4.394175767030681,75.97503900156006,0.1424501424501424,2106,1053.0,3846.0,3830.0,16.0,3,2090,6,3830.0,16.0,337.0,101.0,69.0,248.0,169.0,2922.0,Master_and_Commander:_The_Far_Side_of_the_World_(2003),2003-01-01,212011111,138
70,0,88.36833602584814,11.631663974151856,87.01180744777474,10.626702997275205,6.381260096930533,2.9079159935379644,0.9693053311793216,5.492730210016155,2.827140549273021,81.421647819063,1.9073569482288828,1101,550.5,1238.0,1094.0,144.0,21,958,117,1094.0,144.0,79.0,36.0,12.0,68.0,35.0,1008.0,Ginger_Snaps_2:_Unleashed_(2004),2004-01-01,0,94
71,0,92.18562474996666,7.814375250033338,80.53767512305944,7.421431276031806,9.641285504733965,43.36578210428057,4.360581410854781,7.881050806774237,1.4668622482997733,33.28443792505668,13.21469140477092,2641,1320.5,7499.0,6913.0,586.0,349,2127,196,6913.0,586.0,723.0,3252.0,327.0,591.0,110.0,2496.0,Fat_Albert_(2004),2004-01-01,48563556,93
72,0,88.05340829234012,11.946591707659874,83.40943683409436,11.516996448503296,4.075895994378074,2.5650035137034437,4.392129304286718,9.87350667603654,7.097680955727337,71.99578355586789,2.28310502283105,1971,985.5,2846.0,2506.0,340.0,45,1644,227,2506.0,340.0,116.0,73.0,125.0,281.0,202.0,2049.0,Van_Helsing_(2004),2004-01-01,300257475,132
73,0,85.24461498212261,14.755385017877389,59.93081579705967,16.69068895935428,4.308014301909828,3.81093572861254,1.901107525944013,6.36609400889509,3.941745879480248,79.67210255515828,3.545690400691842,3469,1734.5,11467.0,9775.0,1692.0,123,2079,579,9775.0,1692.0,494.0,437.0,218.0,730.0,452.0,9136.0,The_Princess_Diaries_2:_Royal_Engagement_(2004),2004-01-01,134734481,113
74,0,94.05904059040591,5.940959409594096,91.9820717131474,6.772908366533864,5.904059040590406,4.907749077490776,2.952029520295203,13.025830258302584,5.867158671586716,67.34317343173431,0.8964143426294822,2008,1004.0,2710.0,2549.0,161.0,18,1847,136,2549.0,161.0,160.0,133.0,80.0,353.0,159.0,1825.0,The_Punisher_(2004),2004-01-01,54700105,124
75,0,93.80501577810996,6.194984221890051,90.26166711626652,6.123550040463987,3.338315894369706,5.746553728616509,4.069091513037701,9.81564524165421,5.680119581464873,71.350274040857,1.240895602913407,3707,1853.5,6021.0,5648.0,373.0,46,3346,227,5648.0,373.0,201.0,346.0,245.0,591.0,342.0,4296.0,Troy_(2004),2004-01-01,497409852,163
76,0,89.37665989689111,10.62334010310889,83.1546275395034,10.12979683972912,5.702234025933448,4.389939072019996,1.9371973129198563,6.686455241368535,1.7497266052179348,79.53444774254022,2.031602708803612,3544,1772.0,6401.0,5721.0,680.0,72,2947,359,5721.0,680.0,365.0,281.0,124.0,428.0,112.0,5091.0,Spider-Man_2_(2004),2004-01-01,783766341,127
77,0,94.22240629529924,5.777593704700766,85.54494567006915,3.5232136977280213,11.047835990888382,3.88279146821288,4.162352453924208,7.589563056533444,5.197763512114309,68.11969351832677,4.478103391504774,3037,1518.5,9658.0,9100.0,558.0,136,2598,107,9100.0,558.0,1067.0,375.0,402.0,733.0,502.0,6579.0,Harry_Potter_and_the_Goblet_of_Fire_(2005),2005-01-01,895921036,157
78,0,88.8716916885931,11.128308311406904,80.06594724220624,15.257793764988008,6.856523757932209,6.175514626218852,3.4824330598978483,7.429190527782077,3.513388020430274,72.54295000773874,1.079136690647482,3336,1668.0,6461.0,5742.0,719.0,36,2671,509,5742.0,719.0,443.0,399.0,225.0,480.0,227.0,4687.0,King_Kong_(2005),2005-01-01,562363449,187
79,0,90.00266595574513,9.997334044254863,85.76569372251099,8.676529388244703,7.571314316182351,0.9330845107971208,0.7997867235403893,6.451612903225806,0.5331911490269262,83.7110103972274,1.2794882047181129,2501,1250.5,3751.0,3376.0,375.0,32,2145,217,3376.0,375.0,284.0,35.0,30.0,242.0,20.0,3140.0,Nanny_McPhee_(2005),2005-01-01,123276807,97
80,0,83.84009009009009,16.15990990990991,81.48148148148148,16.439246263807668,12.105855855855856,2.759009009009009,0.7882882882882882,4.898648648648648,3.096846846846846,76.35135135135135,1.42949967511371,1539,769.5,1776.0,1489.0,287.0,22,1254,253,1489.0,287.0,215.0,49.0,14.0,87.0,55.0,1356.0,Elektra_(2005),2005-01-01,56681566,97
81,0,86.97331460674157,13.026685393258427,80.51529790660226,15.458937198067632,7.478932584269662,1.4396067415730338,1.8258426966292132,5.688202247191011,2.1418539325842696,81.4255617977528,0.3757380568974772,1863,931.5,2848.0,2477.0,371.0,7,1500,288,2477.0,371.0,213.0,41.0,52.0,162.0,61.0,2319.0,Herbie_Fully_Loaded_(2005),2005-01-01,66002004,100
82,0,94.56056408964996,5.439435910350038,92.2173274596182,4.258443465491924,5.540166204986149,4.583228405943087,1.1835809619743138,14.807353311508436,3.626290606900026,70.25938050868798,1.2114537444933922,2724,1362.0,3971.0,3755.0,216.0,33,2512,116,3755.0,216.0,220.0,182.0,47.0,588.0,144.0,2790.0,Night_at_the_Museum_(2006),2006-01-01,574480841,108
83,0,84.90725126475547,15.092748735244518,83.31780055917987,14.725069897483692,2.023608768971332,0.7588532883642496,0.3372681281618886,2.951096121416526,3.288364249578415,90.6408094435076,0.8387698042870456,1073,536.5,1186.0,1007.0,179.0,9,894,158,1007.0,179.0,24.0,9.0,4.0,35.0,39.0,1075.0,Underworld:_Evolution_(2006),2006-01-01,111476513,106
84,0,88.33079654997464,11.669203450025368,77.03349282296651,13.450292397660816,9.081684424150176,7.026889903602232,1.445966514459665,8.117706747843734,2.13089802130898,72.19685438863522,1.1695906432748535,1881,940.5,3942.0,3482.0,460.0,22,1449,253,3482.0,460.0,358.0,277.0,57.0,320.0,84.0,2846.0,The_Shaggy_Dog_(2006),2006-01-01,87134280,98
85,0,87.27678571428571,12.723214285714285,80.63943161634103,11.012433392539965,6.845238095238096,5.096726190476191,3.125,13.98809523809524,3.4970238095238098,67.44791666666666,1.6577856719952635,1689,844.5,2688.0,2346.0,342.0,28,1362,186,2346.0,342.0,184.0,137.0,84.0,376.0,94.0,1813.0,Zoom_(2006),2006-01-01,12506188,83
86,0,85.43123543123544,14.56876456876457,86.6844207723036,9.387483355525966,6.8181818181818175,3.3216783216783217,0.2331002331002331,7.284382284382285,1.6317016317016315,80.71095571095572,3.129161118508655,1502,751.0,1716.0,1466.0,250.0,47,1302,141,1466.0,250.0,117.0,57.0,4.0,125.0,28.0,1385.0,Abominable_(2006),2006-01-01,1810000,94
87,0,93.75,6.25,91.90672153635116,6.172839506172839,8.19672131147541,8.709016393442623,2.3565573770491803,6.967213114754098,2.8688524590163933,70.90163934426229,0.6858710562414266,729,364.5,976.0,915.0,61.0,5,670,45,915.0,61.0,80.0,85.0,23.0,68.0,28.0,692.0,Air_Buddies_(2006),2006-01-01,0,80
88,0,86.77232551051509,13.227674489484912,76.64851784633998,9.67937084089534,8.53398354160317,11.155135629381286,2.3163669612922893,7.619628162145688,3.65742151782993,66.71746418774764,7.743496672716274,1653,826.5,3281.0,2847.0,434.0,128,1267,160,2847.0,434.0,280.0,366.0,76.0,250.0,120.0,2189.0,Fantastic_4:_Rise_of_the_Silver_Surfer_(2007),2007-01-01,301913131,92
89,0,94.65600673258994,5.343993267410057,88.71128871128872,2.197802197802198,5.533347359562382,2.33536713654534,3.0717441615821586,13.423101199242584,7.80559646539028,67.83084367767725,2.197802197802198,2002,1001.0,4753.0,4499.0,254.0,44,1776,44,4499.0,254.0,263.0,111.0,146.0,638.0,371.0,3224.0,Mr._Bean's_Holiday_(2007),2007-01-01,232225908,90
90,0,93.72579395817196,6.27420604182804,91.88361408882083,5.717202654415518,9.06274206041828,12.432223082881489,2.5174283501161887,8.830364058869094,3.83423702556158,63.323005422153365,3.573251659009699,1959,979.5,2582.0,2420.0,162.0,70,1800,112,2420.0,162.0,234.0,321.0,65.0,228.0,99.0,1635.0,Death_Sentence_(2007),2007-01-01,16974459,105
91,0,69.83967935871743,30.160320641282567,61.671854157403295,28.190306803023567,7.348029392117568,2.2044088176352705,0.8350033400133602,10.220440881763528,1.3026052104208417,78.08951235804943,4.802134281903068,2249,1124.5,2994.0,2091.0,903.0,108,1387,634,2091.0,903.0,220.0,66.0,25.0,306.0,39.0,2338.0,Juno_(2007),2007-01-01,231411584,96
92,0,84.47152167752905,15.528478322470956,72.23427331887203,13.123644251626898,9.436100878435818,3.20204023802777,1.728534995749504,5.468971379994333,0.9351090960612072,79.22924341173136,3.524945770065076,1844,922.0,3529.0,2981.0,548.0,65,1332,242,2981.0,548.0,333.0,113.0,61.0,193.0,33.0,2796.0,Bridge_to_Terabithia_(2007),2007-01-01,137587063,96
93,0,73.91498881431767,26.08501118568233,66.38194020744356,26.723611958511288,6.80089485458613,4.161073825503356,3.3109619686800893,7.38255033557047,1.8791946308724832,76.46532438478746,1.525320317266626,1639,819.5,2235.0,1652.0,583.0,25,1088,438,1652.0,583.0,152.0,93.0,74.0,165.0,42.0,1709.0,Nim's_Island_(2008),2008-01-01,100076342,96
94,0,93.21122834959188,6.788771650408123,86.0624198375374,5.600684053014109,8.75970535536532,2.9066295042803105,1.5528568584511249,9.715309575950627,2.110292653792554,74.95520605216007,1.453612654980761,2339,1169.5,5023.0,4682.0,341.0,34,2013,131,4682.0,341.0,440.0,146.0,78.0,488.0,106.0,3765.0,Indiana_Jones_and_the_Kingdom_of_the_Crystal_Skull_(2008),2008-01-01,786636033,122
95,0,93.95725865880618,6.0427413411938105,89.99129677980852,5.57006092254134,4.8636698599852615,2.5055268975681653,1.8914271677720464,7.983296487349545,5.0110537951363305,77.74502579218864,1.0008703220191473,2298,1149.0,4071.0,3825.0,246.0,23,2068,128,3825.0,246.0,198.0,102.0,77.0,325.0,204.0,3165.0,Inkheart_(2008),2008-01-01,62803180,106
96,0,84.96346924345983,15.036530756540184,80.24730500951172,16.487000634115407,7.447560688192317,0.7306151308036767,0.4242281404666509,1.2019797313221776,1.3198208814518029,88.87579542776336,0.8243500317057704,3154,1577.0,4243.0,3605.0,638.0,26,2531,520,3605.0,638.0,316.0,31.0,18.0,51.0,56.0,3771.0,Anne_of_Green_Gables:_A_New_Beginning_(2008),2008-01-01,0,144
97,0,61.54653603918825,38.45346396081176,46.18462417833667,36.29608459559874,4.653603918824353,5.475857242827152,1.5745276417074878,4.986004198740377,2.361791462561232,80.9482155353394,5.773078022292084,3499,1749.5,5716.0,3518.0,2198.0,202,1616,1270,3518.0,2198.0,266.0,313.0,90.0,285.0,135.0,4627.0,Sex_and_the_City_(2008),2008-01-01,415252786,145
98,0,87.16244287494807,12.837557125051932,82.18859138533178,15.30849825378347,6.35646032405484,28.334025758205232,2.5758205234732032,12.006647278770254,2.7835479850436227,47.943498130452845,3.2013969732246803,1718,859.0,2407.0,2098.0,309.0,55,1412,263,2098.0,309.0,153.0,682.0,62.0,289.0,67.0,1154.0,Hancock_(2008),2008-01-01,629443428,92
99,0,93.37539432176656,6.624605678233439,89.38053097345133,5.689001264222504,9.42429022082019,15.29968454258675,4.889589905362776,12.263406940063092,5.520504731861198,52.60252365930599,1.2642225031605565,1582,791.0,2536.0,2368.0,168.0,20,1414,90,2368.0,168.0,239.0,388.0,124.0,311.0,140.0,1334.0,G.I._Joe:_The_Rise_of_Cobra_(2009),2009-01-01,302469017,118
100,0,85.8698253170615,14.1301746829385,63.74955531839203,19.459267164710067,8.746111509930605,6.006221584111032,1.6032543670734625,7.106963388370424,1.6511127063890882,74.88633644412539,9.391675560298824,2811,1405.5,8358.0,7177.0,1181.0,264,1792,547,7177.0,1181.0,731.0,502.0,134.0,594.0,138.0,6259.0,Hannah_Montana:_The_Movie_(2009),2009-01-01,155545279,102
101,0,80.35087719298247,19.649122807017545,73.37349397590361,20.602409638554217,19.70760233918129,6.286549707602338,2.046783625730994,7.1345029239766085,4.32748538011696,60.49707602339181,7.991967871485945,2490,1245.0,3420.0,2748.0,672.0,199,1827,513,2748.0,672.0,674.0,215.0,70.0,244.0,148.0,2069.0,Push_(2009),2009-01-01,45465299,111
102,0,65.52406064601186,34.47593935398813,49.01680371826957,34.68001430103683,14.634146341463412,1.4722039112283016,1.1206328279499012,10.65699846187651,1.4722039112283016,70.64381454625357,19.020378977475865,2797,1398.5,4551.0,2982.0,1569.0,532,1371,970,2982.0,1569.0,666.0,67.0,51.0,485.0,67.0,3215.0,Princess_Protection_Program_(2009),2009-01-01,0,89
103,0,84.31437027293653,15.685629727063466,80.70849338454971,13.188220230473751,10.950345281157514,2.400526142716212,1.611312068398553,8.155212101282473,1.9730351857941468,74.90956922065111,2.603499786598378,2343,1171.5,3041.0,2564.0,477.0,61,1891,309,2564.0,477.0,333.0,73.0,49.0,248.0,60.0,2278.0,A_Perfect_Getaway_(2009),2009-01-01,22852638,98
104,0,92.70498392282958,7.295016077170419,88.24352694191742,5.108467459762071,14.590032154340838,13.484726688102894,2.994372990353697,12.721061093247588,5.265273311897106,50.94453376205787,5.388383484954513,2858,1429.0,4976.0,4613.0,363.0,154,2522,146,4613.0,363.0,726.0,671.0,149.0,633.0,262.0,2535.0,2012_(2009),2009-01-01,791217826,158
105,0,82.35294117647058,17.647058823529413,65.65060635857097,19.5018026876434,10.084033613445378,5.764411027568922,1.9312988353236031,12.487100103199174,2.196668140940587,67.53648827952233,12.91379875450672,3051,1525.5,6783.0,5586.0,1197.0,394,2003,595,5586.0,1197.0,684.0,391.0,131.0,847.0,149.0,4581.0,Camp_Rock_2:_The_Final_Jam_(2010),2010-01-01,0,104
106,0,93.7777777777778,6.222222222222222,90.81272084805654,3.53356890459364,9.11111111111111,2.888888888888889,3.7777777777777777,6.666666666666667,2.0,75.55555555555556,1.76678445229682,283,141.5,450.0,422.0,28.0,5,257,10,422.0,28.0,41.0,13.0,17.0,30.0,9.0,340.0,Cats_&_Dogs:_The_Revenge_of_Kitty_Galore_(2010),2010-01-01,112483764,82
107,0,85.5761482675262,14.42385173247381,80.48138397893945,13.463708160962767,5.398871877518131,5.88235294117647,1.2892828364222402,3.65296803652968,1.36986301369863,82.40666129465485,0.8273787138021812,2659,1329.5,3723.0,3186.0,537.0,22,2140,358,3186.0,537.0,201.0,219.0,48.0,136.0,51.0,3068.0,RED_(2010),2010-01-01,71664962,111
108,0,84.66909532483304,15.33090467516697,80.28049298767532,11.09222269443264,4.310868245294475,6.344869459623557,1.8822100789313905,4.61445051608986,2.914389799635701,79.93321190042502,1.487462813429664,2353,1176.5,3294.0,2789.0,505.0,35,1889,261,2789.0,505.0,142.0,209.0,62.0,152.0,96.0,2633.0,Chatroom_(2010),2010-01-01,0,97
109,0,95.34950071326676,4.650499286733238,93.6846183649748,4.339403332041844,5.905848787446505,10.35663338088445,3.0242510699001426,6.619115549215407,4.907275320970043,69.18687589158345,1.1235955056179776,2581,1290.5,3505.0,3342.0,163.0,29,2418,112,3342.0,163.0,207.0,363.0,106.0,232.0,172.0,2425.0,The_A-Team_(2010),2010-01-01,177238796,117
110,0,94.91382934005884,5.086170659941152,93.8284518828452,4.864016736401674,5.3804119377889865,2.9844472467423286,3.4047919293820934,11.937788986969316,7.398066414459857,68.89449348465742,0.6799163179916319,1912,956.0,2379.0,2258.0,121.0,13,1794,93,2258.0,121.0,128.0,71.0,81.0,284.0,176.0,1639.0,The_Sorcerer's_Apprentice_(2010),2010-01-01,215283742,109
111,0,61.91836734693877,38.08163265306123,55.57778889444722,38.36918459229614,12.73469387755102,4.285714285714286,2.0,2.7346938775510203,0.5714285714285714,77.6734693877551,7.85392696348174,1999,999.5,2450.0,1517.0,933.0,157,1111,767,1517.0,933.0,312.0,105.0,49.0,67.0,14.0,1903.0,Bloomington_(2010),2010-01-01,0,83
112,0,96.48493543758968,3.5150645624103296,93.92265193370166,3.2724181895452613,8.17790530846485,1.3868962219033951,3.204208512673362,10.712577714012436,9.397417503586802,67.12099473935916,1.9549511262218444,2353,1176.5,4182.0,4035.0,147.0,46,2210,77,4035.0,147.0,342.0,58.0,134.0,448.0,393.0,2807.0,There_Be_Dragons_(2011),2011-01-01,0,112
113,0,80.45965270684373,19.540347293156284,61.35734072022161,20.59095106186519,6.138917262512768,3.3707865168539324,4.341164453524004,8.927477017364657,3.758937691521961,73.46271705822267,6.117266851338873,4332,2166.0,9790.0,7877.0,1913.0,265,2658,892,7877.0,1913.0,601.0,330.0,425.0,874.0,368.0,7192.0,The_Phantom_of_the_Opera_at_the_Royal_Albert_Hall_(2011),2011-01-01,0,160
114,0,92.95774647887325,7.042253521126761,89.61437335670465,5.477651183172656,7.130281690140845,6.220657276995305,3.491784037558685,14.2018779342723,5.487089201877934,63.46830985915493,1.7966695880806312,2282,1141.0,3408.0,3168.0,240.0,41,2045,125,3168.0,240.0,243.0,212.0,119.0,484.0,187.0,2163.0,Transformers:_Dark_of_the_Moon_(2011),2011-01-01,1123794079,154
115,0,92.82642089093702,7.17357910906298,86.4903502501787,4.681915654038598,10.75268817204301,2.857142857142857,3.855606758832565,10.015360983102918,1.597542242703533,70.92165898617512,3.2880629020729093,2798,1399.0,6510.0,6043.0,467.0,92,2420,131,6043.0,467.0,700.0,186.0,251.0,652.0,104.0,4617.0,Diary_of_a_Wimpy_Kid:_Rodrick_Rules_(2011),2011-01-01,72526996,99
116,0,85.92,14.08,77.286470143613,14.096749811035526,3.314285714285714,0.5485714285714286,0.48,3.931428571428571,1.5771428571428572,90.14857142857144,1.058201058201058,2646,1323.0,4375.0,3759.0,616.0,28,2045,373,3759.0,616.0,145.0,24.0,21.0,172.0,69.0,3944.0,My_Week_with_Marilyn_(2011),2011-01-01,35057696,99
117,0,77.24451799751758,22.755482002482417,72.99306243805749,22.00198216055501,4.344228382292098,5.544062887877534,1.365328920148945,6.288787753413322,3.3098882912701697,79.14770376499793,1.734390485629336,2018,1009.0,2417.0,1867.0,550.0,35,1473,444,1867.0,550.0,105.0,134.0,33.0,152.0,80.0,1913.0,Super_Shark_(2011),2011-01-01,0,87
118,0,96.28498727735368,3.715012722646311,92.25263157894736,2.736842105263158,10.61916878710772,2.883799830364716,3.036471586089907,5.699745547073792,11.755725190839694,66.00508905852416,1.936842105263158,2375,1187.5,5895.0,5676.0,219.0,46,2191,65,5676.0,219.0,626.0,170.0,179.0,336.0,693.0,3891.0,Harry_Potter_and_the_Deathly_Hallows:_Part_2_(2011),2011-01-01,1341511219,130
119,0,87.56385068762279,12.43614931237721,80.39017827110662,10.494450050454086,8.840864440078585,1.218074656188605,2.848722986247544,6.031434184675836,5.933202357563851,75.12770137524558,2.2872519340733266,2973,1486.5,5090.0,4457.0,633.0,68,2390,312,4457.0,633.0,450.0,62.0,145.0,307.0,302.0,3824.0,Hugo_(2011),2011-01-01,185770160,126
120,0,81.62640353861858,18.37359646138142,63.80090497737556,20.13574660633484,8.999659748213679,2.670976522626744,2.3817625042531474,7.298400816604287,1.3269819666553249,77.32221844164681,3.129713423831071,2652,1326.0,5878.0,4798.0,1080.0,83,1692,534,4798.0,1080.0,529.0,157.0,140.0,429.0,78.0,4545.0,Soul_Surfer_(2011),2011-01-01,47088990,112
121,0,68.69495596477182,31.30504403522818,63.29659798754192,32.582654528030666,12.57005604483587,0.7205764611689351,0.0800640512409927,1.1609287429943955,0.600480384307446,84.86789431545236,6.6123622424532815,2087,1043.5,2498.0,1716.0,782.0,138,1321,680,1716.0,782.0,314.0,18.0,2.0,29.0,15.0,2120.0,An_American_Girl:_McKenna_Shoots_for_the_Stars_(2012),2012-01-01,0,85
122,0,96.04341736694678,3.956582633053221,94.53044375644994,2.2703818369453046,13.130252100840336,4.411764705882353,37.35994397759104,19.607843137254903,2.0658263305322127,23.42436974789916,3.611971104231166,1938,969.0,2856.0,2743.0,113.0,70,1832,44,2743.0,113.0,375.0,126.0,1067.0,560.0,59.0,669.0,Life_of_Pi_(2012),2012-01-01,609016565,127
123,0,79.6309192200557,20.36908077994429,75.50755939524838,19.82721382289417,3.4122562674094707,0.6963788300835655,0.6963788300835655,4.526462395543176,2.9596100278551534,87.70891364902506,1.2958963282937366,2315,1157.5,2872.0,2287.0,585.0,30,1748,459,2287.0,585.0,98.0,20.0,20.0,130.0,85.0,2519.0,Dark_Shadows_(2012),2012-01-01,245527149,113
124,0,98.80788257237856,1.192117427621442,96.43308879332152,1.1889704022261574,5.027978266158462,6.195766766685589,3.527694428675696,6.114670343037872,8.539453410104613,70.59443678533776,0.5059448520111307,3953,1976.5,12331.0,12184.0,147.0,20,3812,47,12184.0,147.0,620.0,764.0,435.0,754.0,1053.0,8705.0,Lincoln_(2012),2012-01-01,116471580,94
125,0,88.12725483765169,11.872745162348313,83.53966070609812,10.774873911049978,8.10101672679567,5.706789111183995,4.558871761233192,17.809117743522464,5.9691702197441785,57.8550344375205,8.986703347088492,2181,1090.5,3049.0,2687.0,362.0,196,1822,235,2687.0,362.0,247.0,174.0,139.0,543.0,182.0,1764.0,John_Carter_(2012),2012-01-01,284139100,132
126,0,91.42286025804108,8.577139741958932,85.08388037928519,5.069292487235595,8.159185898600763,1.780846810830456,2.4350354352171544,8.886062147919317,0.7450481555515174,77.9938215518808,2.1881838074398248,2742,1371.0,5503.0,5031.0,472.0,60,2333,139,5031.0,472.0,449.0,98.0,134.0,489.0,41.0,4292.0,Diary_of_a_Wimpy_Kid:_Dog_Days_(2012),2012-01-01,76196538,94
127,0,94.56557110315651,5.434428896843476,91.50743099787688,4.087048832271762,17.344614383338758,5.271721444842173,3.416856492027335,16.53107712333225,5.564594858444517,51.87113569801497,3.5031847133757963,1884,942.0,3073.0,2906.0,167.0,66,1724,77,2906.0,167.0,533.0,162.0,105.0,508.0,171.0,1594.0,Red_Dawn_(2012),2012-01-01,44806783,93
128,0,85.527950310559,14.472049689440992,81.79591836734694,14.285714285714285,4.037267080745342,9.006211180124224,1.4906832298136643,12.236024844720497,6.024844720496894,67.20496894409938,3.673469387755103,1225,612.5,1610.0,1377.0,233.0,45,1002,175,1377.0,233.0,65.0,145.0,24.0,197.0,97.0,1082.0,Underworld:_Awakening_(2012),2012-01-01,160112671,88
129,0,95.6390977443609,4.360902255639098,93.6854190585534,3.214695752009185,13.721804511278195,6.804511278195488,3.496240601503759,14.962406015037594,9.24812030075188,51.766917293233085,4.477611940298507,1742,871.0,2660.0,2544.0,116.0,78,1632,56,2544.0,116.0,365.0,181.0,93.0,398.0,246.0,1377.0,The_Expendables_2_(2012),2012-01-01,314975955,103
130,0,87.52130923968633,12.478690760313672,78.55178735105409,11.274060494958754,7.892942379815889,3.051483123082168,1.4149335151721787,6.665530173883395,2.557108762359359,78.418002045687,0.9471432936144212,3273,1636.5,5866.0,5134.0,732.0,31,2571,369,5134.0,732.0,463.0,179.0,83.0,391.0,150.0,4600.0,Trouble_with_the_Curve_(2012),2012-01-01,0,111
131,0,89.44277324165593,10.557226758344076,82.20408163265306,7.700680272108844,4.039535883111302,4.125483455092393,2.621400945423292,12.333476579286636,3.638447213866209,73.24165592322018,0.9523809523809524,3675,1837.5,6981.0,6244.0,737.0,35,3021,283,6244.0,737.0,282.0,288.0,183.0,861.0,254.0,5113.0,The_Great_Gatsby_(2013),2013-01-01,351040419,143
132,0,95.5743879472693,4.425612052730696,89.4047173343317,4.417821040808686,6.06982471389251,3.273938867159206,3.896856439229321,15.391858612197597,4.447341735477329,66.92017963204404,1.497566454511419,5342,2671.0,13806.0,13195.0,611.0,80,4776,236,13195.0,611.0,838.0,452.0,538.0,2125.0,614.0,9239.0,The_Wolf_of_Wall_Street_(2013),2013-01-01,392000000,180
133,0,90.73545162441984,9.264548375580151,86.01648351648352,10.74175824175824,9.068189932167083,1.8564798286326316,1.1960014280614066,10.924669760799716,3.9093181006783295,73.04534094966083,1.0439560439560438,3640,1820.0,5602.0,5083.0,519.0,38,3131,391,5083.0,519.0,508.0,104.0,67.0,612.0,219.0,4092.0,Saving_Mr._Banks_(2013),2013-01-01,112544580,125
134,0,97.70992366412212,2.2900763358778624,96.96969696969695,1.0101010101010102,4.580152671755725,0.0,1.5267175572519085,9.923664122137405,0.7633587786259541,83.20610687022901,0.0,99,49.5,131.0,128.0,3.0,0,96,1,128.0,3.0,6.0,0.0,2.0,13.0,1.0,109.0,Walking_with_Dinosaurs_(2013),2013-01-01,126546518,87
135,0,81.75675675675676,18.24324324324324,75.15188335358445,13.487241798298909,8.744038155802862,4.093799682034977,4.610492845786964,10.731319554848968,3.5771065182829886,68.24324324324324,7.594167679222358,1646,823.0,2516.0,2057.0,459.0,125,1237,222,2057.0,459.0,220.0,103.0,116.0,270.0,90.0,1717.0,Sharknado_(2013),2013-01-01,0,86
136,0,78.1159420289855,21.88405797101449,70.6,12.133333333333333,3.5748792270531404,1.0628019323671498,0.5797101449275363,8.695652173913043,1.5942028985507246,84.4927536231884,5.533333333333333,1500,750.0,2070.0,1617.0,453.0,83,1059,182,1617.0,453.0,74.0,22.0,12.0,180.0,33.0,1749.0,Paranormal_Movie_(2013),2013-01-01,0,87
137,0,87.48094512195121,12.51905487804878,80.16270337922403,13.32916145181477,8.784298780487806,8.041158536585366,3.448932926829269,8.955792682926829,3.753810975609756,67.01600609756098,4.06758448060075,3196,1598.0,5248.0,4591.0,657.0,130,2562,426,4591.0,657.0,461.0,422.0,181.0,470.0,197.0,3517.0,Beautiful_Creatures_(2013),2013-01-01,60052138,124
138,0,96.30674531931264,3.693254680687356,94.42851290454732,3.0725112658746414,7.283918953577841,8.77147986663247,3.0777122339061296,6.334957681456784,7.104385739933317,67.42754552449345,0.5325686194182712,2441,1220.5,3899.0,3755.0,144.0,13,2305,75,3755.0,144.0,284.0,342.0,120.0,247.0,277.0,2629.0,The_Lone_Ranger_(2013),2013-01-01,260502115,149
139,0,95.27526705012326,4.7247329498767465,93.86666666666666,3.36,7.313064913722268,4.642563681183237,2.1364009860312243,3.9441248972884138,6.368118323746918,75.59572719802794,1.3333333333333337,1875,937.5,2434.0,2319.0,115.0,25,1760,63,2319.0,115.0,178.0,113.0,52.0,96.0,155.0,1840.0,Redemption_(2013),2013-01-01,0,85
140,0,87.76550552251486,12.234494477485132,85.8,10.0,0.6796941376380629,2.463891248937978,8.241291418861513,2.548853016142736,23.619371282922685,62.44689889549703,0.3,1000,500.0,1177.0,1033.0,144.0,3,858,100,1033.0,144.0,8.0,29.0,97.0,30.0,278.0,735.0,Enemy_(2013),2013-01-01,3396726,91
141,0,87.30044843049328,12.699551569506726,82.16443393748358,12.398213816653533,5.452914798206278,8.663677130044842,5.650224215246637,22.09865470852018,6.690582959641256,51.4439461883408,2.5479380089309167,3807,1903.5,5575.0,4867.0,708.0,97,3128,472,4867.0,708.0,304.0,483.0,315.0,1232.0,373.0,2868.0,Iron_Man_Three_(2013)_[4K],2013-01-01,1214811252,130
142,0,87.32148061789566,12.678519382104342,77.36344537815127,14.758403361344538,7.14077528417371,2.652287962693092,2.6814339842611483,7.898571844943166,3.993004954823667,75.63392596910522,1.5756302521008403,1904,952.0,3431.0,2996.0,435.0,30,1473,281,2996.0,435.0,245.0,91.0,92.0,271.0,137.0,2595.0,Hansel_&_Gretel:_Witch_Hunters_(2013),2013-01-01,226349749,88
143,0,98.176527643065,1.8234723569350144,97.03763010408326,0.9607686148919136,15.77109602327837,3.2977691561590685,3.8991270611057223,6.382153249272552,3.064985451018429,67.58486905916585,1.1609287429943955,2498,1249.0,5155.0,5061.0,94.0,29,2424,24,5061.0,94.0,813.0,170.0,201.0,329.0,158.0,3484.0,Unbroken_(2014),2014-01-01,163442937,137
144,0,85.55749128919861,14.442508710801397,73.35820895522389,13.35820895522388,8.815331010452962,2.264808362369338,1.32404181184669,5.383275261324042,2.038327526132404,80.17421602787456,3.4328358208955225,2680,1340.0,5740.0,4911.0,829.0,92,1966,358,4911.0,829.0,506.0,130.0,76.0,309.0,117.0,4602.0,Big_Eyes_(2014),2014-01-01,28883511,106
145,0,95.2837522674268,4.716247732573206,92.63882910030134,5.2518295307791645,6.348795024617776,5.182689816014512,2.5395180098471104,6.400621922777922,5.312257061414875,74.2161181653278,1.1192423590185103,2323,1161.5,3859.0,3677.0,182.0,26,2152,122,3677.0,182.0,245.0,200.0,98.0,247.0,205.0,2864.0,X-Men:_Days_of_Future_Past_(2014),2014-01-01,747862775,132
146,0,88.21666138739309,11.783338612606906,83.81962864721486,9.991158267020335,5.2264808362369335,6.6835603420969285,1.7421602787456445,9.40766550522648,3.896103896103896,73.04402914159012,1.1494252873563218,2262,1131.0,3157.0,2785.0,372.0,26,1896,226,2785.0,372.0,165.0,211.0,55.0,297.0,123.0,2306.0,Need_for_Speed_(2014),2014-01-01,203277636,132
147,0,92.456805731142,7.543194268857986,87.79673590504451,5.304154302670623,4.888327012220818,1.4749262536873156,1.5170670037926677,7.227138643067847,2.1913190054782974,82.70122208175306,1.0385756676557862,2696,1348.0,4746.0,4388.0,358.0,28,2367,143,4388.0,358.0,232.0,70.0,72.0,343.0,104.0,3925.0,The_Inbetweeners_2_(2014),2014-01-01,0,96
148,0,92.76018099547512,7.239819004524888,79.29656274980016,10.23181454836131,5.605832076420312,4.374057315233785,3.519356460532931,10.055304172951232,10.256410256410255,66.18903971845148,2.7977617905675456,1251,625.5,3978.0,3690.0,288.0,35,992,128,3690.0,288.0,223.0,174.0,140.0,400.0,408.0,2633.0,Muppets_Most_Wanted_(2014),2014-01-01,80383290,112
149,0,75.43391188251002,24.566088117489983,66.57276995305165,25.91549295774648,4.539385847797063,5.34045393858478,1.535380507343124,8.945260347129507,4.005340453938585,75.63417890520694,5.727699530516432,1065,532.5,1498.0,1130.0,368.0,61,709,276,1130.0,368.0,68.0,80.0,23.0,134.0,60.0,1133.0,Teenage_Mutant_Ninja_Turtles_(2014),2014-01-01,477200000,101
150,0,85.68840579710145,14.31159420289855,79.91803278688525,14.275956284153004,5.52536231884058,2.40036231884058,2.4456521739130435,12.5,3.4873188405797104,73.6413043478261,2.8688524590163933,1464,732.0,2208.0,1892.0,316.0,42,1170,209,1892.0,316.0,122.0,53.0,54.0,276.0,77.0,1626.0,The_Giver_(2014),2014-01-01,66980456,97
151,0,91.91141068849302,8.088589311506981,88.33333333333333,6.25,8.088589311506981,13.047664901299951,2.8406355320173327,6.114588348579683,6.114588348579683,63.79393355801637,0.8333333333333334,1440,720.0,2077.0,1909.0,168.0,12,1272,90,1909.0,168.0,168.0,271.0,59.0,127.0,127.0,1325.0,Fantastic_Four_(2015),2015-01-01,167977596,100
152,0,87.31909028256375,12.68090971743625,83.57664233576642,11.268248175182482,5.85802894555479,5.375603032391455,2.205375603032391,14.369400413507927,4.100620261888353,68.09097174362509,2.052919708029197,2192,1096.0,2902.0,2534.0,368.0,45,1832,247,2534.0,368.0,170.0,156.0,64.0,417.0,119.0,1976.0,Avengers:_Age_of_Ultron_(2015),2015-01-01,1405403694,141
153,0,74.01220084467386,25.987799155326137,50.877192982456144,20.65390749601276,7.433129985922101,8.212106992022525,1.9052088221492256,9.88268418582825,2.1116846550915063,70.4551853589864,12.706007442849549,3762,1881.0,10655.0,7886.0,2769.0,478,1914,777,7886.0,2769.0,792.0,875.0,203.0,1053.0,225.0,7507.0,Pitch_Perfect_2_(2015),2015-01-01,287506194,115
154,0,92.66936299292216,7.330637007077856,90.5396402398401,7.794803464357095,5.712841253791709,20.323559150657232,2.7805864509605662,7.381193124368049,6.92618806875632,56.87563195146613,1.3990672884743505,1501,750.5,1978.0,1833.0,145.0,21,1359,117,1833.0,145.0,113.0,402.0,55.0,146.0,137.0,1125.0,Suicide_Squad_(2016),2016-01-01,746846894,123
155,0,88.14814814814815,11.851851851851851,87.2,11.2,14.814814814814811,3.7037037037037033,1.4814814814814816,6.666666666666667,10.37037037037037,62.96296296296296,3.2,125,62.5,135.0,119.0,16.0,4,109,14,119.0,16.0,20.0,5.0,2.0,9.0,14.0,85.0,Sausage_Party_(2016),2016-01-01,140705322,89
156,0,80.1265155508698,19.873484449130206,78.11955890887987,19.67498549042368,6.220347917764892,1.2124406958355298,1.8977332630469164,12.4934106483922,2.952029520295203,75.22403795466526,2.2054556006964594,1723,861.5,1897.0,1520.0,377.0,38,1346,339,1520.0,377.0,118.0,23.0,36.0,237.0,56.0,1427.0,10_Cloverfield_Lane_(2016),2016-01-01,108286421,104
157,0,86.88352570828961,13.11647429171039,85.08454106280193,12.198067632850242,4.774396642182581,8.184679958027283,2.5183630640083945,11.175236096537253,5.981112277019937,67.36621196222455,2.657004830917874,1656,828.0,1906.0,1656.0,250.0,44,1409,202,1656.0,250.0,91.0,156.0,48.0,213.0,114.0,1284.0,Deadpool_(2016),2016-01-01,783100000,108
158,0,85.21440823327616,14.785591766723844,78.82787750791974,13.357972544878564,6.99828473413379,2.0926243567753,1.37221269296741,5.317324185248713,3.018867924528302,81.20068610634648,2.059134107708553,1894,947.0,2915.0,2484.0,431.0,39,1493,253,2484.0,431.0,204.0,61.0,40.0,155.0,88.0,2367.0,Miss_Peregrine's_Home_for_Peculiar_Children_(2016),2016-01-01,296482446,127
159,0,64.76449275362319,35.23550724637681,59.85401459854016,36.496350364963504,4.891304347826087,1.7210144927536233,1.177536231884058,4.076086956521739,2.083333333333333,86.05072463768117,3.023983315954119,959,479.5,1104.0,715.0,389.0,29,574,350,715.0,389.0,54.0,19.0,13.0,45.0,23.0,950.0,The_Shallows_(2016),2016-01-01,119100758,86
160,0,96.7866323907455,3.2133676092544987,95.5237242614145,4.297224709042077,6.041131105398458,8.226221079691516,2.313624678663239,5.526992287917738,14.267352185089974,63.624678663239074,0.9847806624888094,1117,558.5,1556.0,1506.0,50.0,11,1067,48,1506.0,50.0,94.0,128.0,36.0,86.0,222.0,990.0,War_for_the_Planet_of_the_Apes_(2017),2017-01-01,488533726,140
161,0,83.67768595041323,16.32231404958678,81.45539906103286,18.07511737089202,19.421487603305785,5.922865013774105,1.859504132231405,4.338842975206612,3.71900826446281,64.73829201101928,3.442879499217528,1278,639.0,1452.0,1215.0,237.0,44,1041,231,1215.0,237.0,282.0,86.0,27.0,63.0,54.0,940.0,Ghost_in_the_Shell_(2017),2017-01-01,169801921,107
162,0,88.26491092176607,11.735089078233928,84.72151251916198,11.599386816555953,6.041828040278854,7.978311386522076,2.78853601859024,6.932610379550735,4.647560030983733,71.61115414407436,1.788451711803781,1957,978.5,2582.0,2279.0,303.0,35,1658,227,2279.0,303.0,156.0,206.0,72.0,179.0,120.0,1849.0,Justice_League_(2017),2017-01-01,657924295,120
163,0,83.73835560955852,16.261644390441475,74.54481792717087,12.745098039215684,6.156338598622924,2.187120291616039,1.964358039692183,5.629809639530174,2.531389226407452,81.53098420413123,1.855742296918768,2856,1428.0,4938.0,4135.0,803.0,53,2129,364,4135.0,803.0,304.0,108.0,97.0,278.0,125.0,4026.0,Mary_Poppins_Returns_(2018),2018-01-01,348807090,131
164,0,84.79439674649797,15.205603253502034,66.01972637607382,16.958320076360163,5.7727067329417086,3.886127428829643,3.6488929055580654,8.269317668323543,5.377315860822414,73.04563940352463,3.627107858733694,3143,1571.5,8852.0,7506.0,1346.0,114,2075,533,7506.0,1346.0,511.0,344.0,323.0,732.0,476.0,6466.0,Mamma_Mia!_Here_We_Go_Again_(2018),2018-01-01,395044706,113
165,0,92.47622984704424,7.523770152955766,91.0896130346232,6.4663951120162935,6.242248863166598,7.730467135179826,5.167424555601488,12.649855312112445,5.994212484497727,62.21579164944192,3.615071283095723,1964,982.0,2419.0,2237.0,182.0,71,1789,127,2237.0,182.0,151.0,187.0,125.0,306.0,145.0,1505.0,Deadpool_2_(2018),2018-01-01,786365638,119
166,0,80.00925497454881,19.99074502545118,72.52820172528202,21.101526211015265,18.69504858861638,4.488662656177696,2.591392873669597,15.085608514576585,3.146691346598797,55.99259602036094,10.74983410749834,1507,753.5,2161.0,1729.0,432.0,162,1093,318,1729.0,432.0,404.0,97.0,56.0,326.0,68.0,1210.0,Bumblebee_(2018),2018-01-01,467989645,114
167,0,91.747572815534,8.25242718446602,91.10132158590308,7.841409691629956,12.37864077669903,3.4789644012944985,4.692556634304207,14.563106796116504,3.074433656957929,61.81229773462783,2.9955947136563874,1135,567.5,1236.0,1134.0,102.0,34,1034,89,1134.0,102.0,153.0,43.0,58.0,180.0,38.0,764.0,A_Quiet_Place_(2018),2018-01-01,340677200,91
168,0,95.70763312411418,4.292366875885807,93.35640138408304,2.0761245674740483,7.410406964972667,59.769184045353306,3.158534116217858,4.656813120064791,1.8019842073294188,23.203077546061955,5.363321799307959,2890,1445.0,4939.0,4727.0,212.0,155,2698,60,4727.0,212.0,366.0,2952.0,156.0,230.0,89.0,1146.0,Black_Panther_(2018),2018-01-01,1346739107,134
169,0,93.14685314685316,6.853146853146853,91.21863799283156,5.824372759856631,13.636363636363637,1.958041958041958,3.986013986013986,18.88111888111888,1.3986013986013983,60.13986013986013,1.4336917562724014,1116,558.0,1430.0,1332.0,98.0,16,1018,65,1332.0,98.0,195.0,28.0,57.0,270.0,20.0,860.0,Scary_Stories_to_Tell_in_the_Dark_(2019),2019-01-01,95438172,108
